{
  "algorithm": "monte_carlo_3phase",
  "n_valid_solutions": 18,
  "execution_time": 399.05136156082153,
  "statistics": {
    "all_Cm": [
      952,
      994,
      933,
      997,
      909,
      953,
      996,
      993,
      983,
      915,
      965,
      969,
      953,
      995,
      946,
      981,
      998,
      942
    ],
    "all_Ntrans": [
      116,
      102,
      107,
      104,
      98,
      101,
      103,
      105,
      106,
      94,
      97,
      101,
      102,
      94,
      90,
      96,
      103,
      104
    ],
    "all_sll_out": [
      -21.279674285296082,
      -20.263819178082326,
      -19.808141821423533,
      -17.994666384977574,
      -19.66064007514273,
      -17.86501330102496,
      -18.212348708237105,
      -18.002863682211345,
      -18.640969357131816,
      -19.461406542449637,
      -19.818128169302085,
      -19.267141565335947,
      -19.21123331092709,
      -19.69292759428095,
      -19.177087466131354,
      -18.177348086351778,
      -20.91662354766423,
      -20.561427191041368
    ],
    "all_sll_in": [
      -14.55234365416142,
      -14.013237392173485,
      -13.933625544441451,
      -14.05345799219457,
      -13.04050107064552,
      -16.679439960524014,
      -14.297426233915573,
      -15.208992443505103,
      -13.438946711208619,
      -15.006752547576138,
      -15.240307120441237,
      -12.870734688519661,
      -12.5536844184488,
      -13.216636726045945,
      -13.43578898248663,
      -14.083443731750302,
      -14.228929928295853,
      -12.153352334495803
    ]
  },
  "best_solution": {
    "Cm": 909,
    "Ntrans": 98,
    "sll_in": -13.04050107064552,
    "sll_out": -19.66064007514273,
    "iteration": 221
  }
}